{"train_cls_loss": 0.48622919406209675, "validation_cls_loss": 0.6495646238327026, "train_bacc": 0.8256145429028792, "validation_bacc": 0.849271402550091, "train_f1": 0.7749287749287749, "validation_f1": 0.8, "_timestamp": 1704372417.7698529, "_runtime": 1792.2094509601593, "_step": 49, "test_loss": 0.24675811529159547, "test_bacc": 0.767142242174528, "test_f1": 0.7071823204419889, "_wandb": {"runtime": 1789}}