{"train_cls_loss": 0.0007358527488707166, "validation_cls_loss": 0.6269754767417908, "train_bacc": 1.0, "validation_bacc": 0.8706739526411658, "train_f1": 1.0, "validation_f1": 0.8311688311688312, "_timestamp": 1704377956.1074262, "_runtime": 5353.944031238556, "_step": 49, "test_loss": 0.577034330368042, "test_bacc": 0.8147100424328146, "test_f1": 0.7722772277227723, "_wandb": {"runtime": 5351}}